Serial Number,Reviews,Labels,cleaned_reviews,no_stopwords,lemmatized_reviews,review_length,cleaned_length,word_count
1,"The iPhone 16's camera system is exceptional, producing stunning photos and videos in all conditions.",1.0,the iphone s camera system is exceptional producing stunning photos and videos in all conditions,iphone camera system exceptional producing stunning photos videos conditions,iphone camera system exceptional producing stunning photo video condition,101,96,15
2,"Battery life on the iPhone 16 is significantly improved, easily lasting a full day with heavy use.",1.0,battery life on the iphone is significantly improved easily lasting a full day with heavy use,battery life iphone significantly improved easily lasting full day heavy use,battery life iphone significantly improved easily lasting full day heavy use,98,93,16
3,"The new A-series chip in the iPhone 16 delivers blazing-fast performance, making everything feel incredibly smooth.",1.0,the new aseries chip in the iphone delivers blazingfast performance making everything feel incredibly smooth,new aseries chip iphone delivers blazingfast performance making everything feel incredibly smooth,new aseries chip iphone delivers blazingfast performance making everything feel incredibly smooth,115,108,15
4,I love the updated design of the iPhone 16; it feels premium and comfortable to hold.,1.0,i love the updated design of the iphone it feels premium and comfortable to hold,love updated design iphone feels premium comfortable hold,love updated design iphone feel premium comfortable hold,85,80,15
5,"The display on the iPhone 16 is absolutely gorgeous, with vibrant colors and incredible brightness.",1.0,the display on the iphone is absolutely gorgeous with vibrant colors and incredible brightness,display iphone absolutely gorgeous vibrant colors incredible brightness,display iphone absolutely gorgeous vibrant color incredible brightness,99,94,14
6,iOS 19 on the iPhone 16 offers fantastic new features that enhance productivity and user experience.,1.0,ios on the iphone offers fantastic new features that enhance productivity and user experience,ios iphone offers fantastic new features enhance productivity user experience,io iphone offer fantastic new feature enhance productivity user experience,100,93,14
7,"Call quality and cellular reception on the iPhone 16 are top-notch, even in challenging areas.",1.0,call quality and cellular reception on the iphone are topnotch even in challenging areas,call quality cellular reception iphone topnotch even challenging areas,call quality cellular reception iphone topnotch even challenging area,94,88,14
8,"The iPhone 16's haptic feedback is precise and satisfying, adding to the overall premium feel.",1.0,the iphone s haptic feedback is precise and satisfying adding to the overall premium feel,iphone haptic feedback precise satisfying adding overall premium feel,iphone haptic feedback precise satisfying adding overall premium feel,94,89,15
9,"Storage options on the iPhone 16 are generous, providing ample space for all my apps and media.",1.0,storage options on the iphone are generous providing ample space for all my apps and media,storage options iphone generous providing ample space apps media,storage option iphone generous providing ample space apps medium,95,90,16
10,The Face ID on the iPhone 16 is faster and more reliable than ever before.,1.0,the face id on the iphone is faster and more reliable than ever before,face id iphone faster reliable ever,face id iphone faster reliable ever,74,70,14
11,"The price of the iPhone 16 is exorbitant, making it inaccessible for many potential buyers.",0.0,the price of the iphone is exorbitant making it inaccessible for many potential buyers,price iphone exorbitant making inaccessible many potential buyers,price iphone exorbitant making inaccessible many potential buyer,91,86,14
12,I'm disappointed with the lack of innovation in the iPhone 16's design; it looks too similar to previous models.,0.0,im disappointed with the lack of innovation in the iphone s design it looks too similar to previous models,im disappointed lack innovation iphone design looks similar previous models,im disappointed lack innovation iphone design look similar previous model,112,106,19
13,"The battery life, while improved, still isn't enough for extended gaming sessions on the iPhone 16.",0.0,the battery life while improved still isnt enough for extended gaming sessions on the iphone,battery life improved still isnt enough extended gaming sessions iphone,battery life improved still isnt enough extended gaming session iphone,99,92,15
14,"The iPhone 16 still uses the Lightning port, which feels outdated compared to USB-C on other devices.",0.0,the iphone still uses the lightning port which feels outdated compared to usbc on other devices,iphone still uses lightning port feels outdated compared usbc devices,iphone still us lightning port feel outdated compared usbc device,101,95,16
15,I've experienced several software glitches and bugs with iOS 19 on my iPhone 16.,0.0,ive experienced several software glitches and bugs with ios on my iphone,ive experienced several software glitches bugs ios iphone,ive experienced several software glitch bug io iphone,80,72,12
16,"The weight of the iPhone 16 is a bit too heavy, making it uncomfortable to hold for long periods.",0.0,the weight of the iphone is a bit too heavy making it uncomfortable to hold for long periods,weight iphone bit heavy making uncomfortable hold long periods,weight iphone bit heavy making uncomfortable hold long period,97,92,18
17,"The low-light performance of the iPhone 16's camera, while good, isn't as revolutionary as advertised.",0.0,the lowlight performance of the iphone s camera while good isnt as revolutionary as advertised,lowlight performance iphone camera good isnt revolutionary advertised,lowlight performance iphone camera good isnt revolutionary advertised,102,94,15
18,"The speakers on the iPhone 16 lack bass and clarity, especially at higher volumes.",0.0,the speakers on the iphone lack bass and clarity especially at higher volumes,speakers iphone lack bass clarity especially higher volumes,speaker iphone lack bass clarity especially higher volume,82,77,13
19,"The screen scratches easily on the iPhone 16, despite claims of improved durability.",0.0,the screen scratches easily on the iphone despite claims of improved durability,screen scratches easily iphone despite claims improved durability,screen scratch easily iphone despite claim improved durability,84,79,12
20,The lack of a true optical zoom beyond 3x on the iPhone 16 is a missed opportunity.,0.0,the lack of a true optical zoom beyond x on the iphone is a missed opportunity,lack true optical zoom beyond x iphone missed opportunity,lack true optical zoom beyond x iphone missed opportunity,83,78,16
21,"The iPhone 16 is a decent upgrade, but it's not a must-have for users with recent models.",0.5,the iphone is a decent upgrade but its not a musthave for users with recent models,iphone decent upgrade musthave users recent models,iphone decent upgrade musthave user recent model,89,82,16
22,"Performance on the iPhone 16 is good, as expected from an Apple device.",0.5,performance on the iphone is good as expected from an apple device,performance iphone good expected apple device,performance iphone good expected apple device,71,66,12
23,"The camera takes solid photos, though I haven't noticed a huge difference from my previous phone.",0.5,the camera takes solid photos though i havent noticed a huge difference from my previous phone,camera takes solid photos though havent noticed huge difference previous phone,camera take solid photo though havent noticed huge difference previous phone,97,94,16
24,Battery life on the iPhone 16 is adequate for average daily use.,0.5,battery life on the iphone is adequate for average daily use,battery life iphone adequate average daily use,battery life iphone adequate average daily use,64,60,11
25,The design of the iPhone 16 is familiar and functional.,0.5,the design of the iphone is familiar and functional,design iphone familiar functional,design iphone familiar functional,55,51,9
26,"iOS 19 introduces some minor improvements, but nothing groundbreaking.",0.5,ios introduces some minor improvements but nothing groundbreaking,ios introduces minor improvements nothing groundbreaking,io introduces minor improvement nothing groundbreaking,70,65,8
27,"The display is bright and clear, suitable for most content consumption.",0.5,the display is bright and clear suitable for most content consumption,display bright clear suitable content consumption,display bright clear suitable content consumption,71,69,11
28,Haptic feedback is present and works as intended on the iPhone 16.,0.5,haptic feedback is present and works as intended on the iphone,haptic feedback present works intended iphone,haptic feedback present work intended iphone,66,62,11
29,The iPhone 16 offers sufficient storage for most users' needs.,0.5,the iphone offers sufficient storage for most users needs,iphone offers sufficient storage users needs,iphone offer sufficient storage user need,62,57,9
30,"Face ID is reliable on the iPhone 16, as it has been on past models.",0.5,face id is reliable on the iphone as it has been on past models,face id reliable iphone past models,face id reliable iphone past model,68,63,14
31,"‚ÄúThe color is beautiful‚Ä¶ very fast, very capable phone.‚Äù Best Buy",1.0,the color is beautiful very fast very capable phone best buy,color beautiful fast capable phone best buy,color beautiful fast capable phone best buy,65,60,11
32,‚ÄúGreat speed and killer camera.‚Äù Best Buy,1.0,great speed and killer camera best buy,great speed killer camera best buy,great speed killer camera best buy,41,38,7
33,‚ÄúBest phone‚Ä¶ I love this iPhone 16.‚Äù Flipkart,1.0,best phone i love this iphone flipkart,best phone love iphone flipkart,best phone love iphone flipkart,45,38,7
34,‚ÄúCamera quality is excellent.‚Äù Flipkart,1.0,camera quality is excellent flipkart,camera quality excellent flipkart,camera quality excellent flipkart,39,36,5
35,‚ÄúBattery life and performance are good.‚Äù Flipkart,1.0,battery life and performance are good flipkart,battery life performance good flipkart,battery life performance good flipkart,49,46,7
36,‚ÄúHad my 16 for less than a week and loving it so far ‚Äî no issues.‚Äù YouTube,1.0,had my for less than a week and loving it so far no issues youtube,less week loving far issues youtube,less week loving far issue youtube,74,66,15
37,‚ÄúAfter 8 months it's still the phone I would recommend.‚Äù YouTube,1.0,after months its still the phone i would recommend youtube,months still phone would recommend youtube,month still phone would recommend youtube,64,58,10
38,‚ÄúStellar battery life even after a year.‚Äù 91mobiles,1.0,stellar battery life even after a year mobiles,stellar battery life even year mobiles,stellar battery life even year mobile,51,46,8
39,‚ÄúPocket-sized brilliance‚Ä¶ takes beautiful photos.‚ÄùTechRadar,1.0,pocketsized brilliance takes beautiful photostechradar,pocketsized brilliance takes beautiful photostechradar,pocketsized brilliance take beautiful photostechradar,59,54,5
40,‚ÄúI have absolutely 0 ‚Äòwow‚Äô.‚Äù Reddit,1.0,i have absolutely wow reddit,absolutely wow reddit,absolutely wow reddit,35,28,5
41,‚ÄúApple Intelligence is meh.‚Äù TechRadar,0.0,apple intelligence is meh techradar,apple intelligence meh techradar,apple intelligence meh techradar,38,35,5
42,‚ÄúNot as good as my previous 14 Pro ‚Äî a few glitches.‚Äù Best Buy,0.0,not as good as my previous pro a few glitches best buy,good previous pro glitches best buy,good previous pro glitch best buy,62,54,12
43,‚ÄúOrder cancellations/delays ‚Äî customers accused Flipkart of misleading promotions.‚Äù The Times of India,0.0,order cancellationsdelays customers accused flipkart of misleading promotions the times of india,order cancellationsdelays customers accused flipkart misleading promotions times india,order cancellationsdelays customer accused flipkart misleading promotion time india,102,96,12
44,‚ÄúCustomer received something really vile instead of the phone (Amazon case).‚Äù The Sun,0.0,customer received something really vile instead of the phone amazon case the sun,customer received something really vile instead phone amazon case sun,customer received something really vile instead phone amazon case sun,85,80,13
45,‚ÄúMinor upgrade only ‚Äî not worth upgrading from 14/15 for many users.‚Äù Flipkart,0.0,minor upgrade only not worth upgrading from for many users flipkart,minor upgrade worth upgrading many users flipkart,minor upgrade worth upgrading many user flipkart,78,67,11
46,‚ÄúAction/button features still unimpressive after months.‚Äù TechRadar,0.0,actionbutton features still unimpressive after months techradar,actionbutton features still unimpressive months techradar,actionbutton feature still unimpressive month techradar,67,63,7
47,‚ÄúSome users report the phone is heavier / too big for pockets.‚Äù Reddit,0.0,some users report the phone is heavier too big for pockets reddit,users report phone heavier big pockets reddit,user report phone heavier big pocket reddit,70,65,12
48,‚ÄúApple Intelligence rollout/features are incomplete or mixed.‚Äù 91mobiles,0.0,apple intelligence rolloutfeatures are incomplete or mixed mobiles,apple intelligence rolloutfeatures incomplete mixed mobiles,apple intelligence rolloutfeatures incomplete mixed mobile,72,66,8
49,‚ÄúRefresh rate and some hardware tradeoffs criticized.‚Äù TechRadar,0.0,refresh rate and some hardware tradeoffs criticized techradar,refresh rate hardware tradeoffs criticized techradar,refresh rate hardware tradeoff criticized techradar,64,61,8
50,"‚ÄúMinor update over the 15 ‚Äî useful for some, not for everyone.‚Äù TechRadar",0.0,minor update over the useful for some not for everyone techradar,minor update useful everyone techradar,minor update useful everyone techradar,73,64,11
51,‚ÄúFeels premium; improved screen area but noticeably larger.‚Äù Reddit,0.5,feels premium improved screen area but noticeably larger reddit,feels premium improved screen area noticeably larger reddit,feel premium improved screen area noticeably larger reddit,67,63,9
52,"‚ÄúBetter temperatures, higher sustained brightness, and better battery.‚Äù Reddit",0.5,better temperatures higher sustained brightness and better battery reddit,better temperatures higher sustained brightness better battery reddit,better temperature higher sustained brightness better battery reddit,78,73,9
53,‚ÄúGood everyday performance ‚Äî not revolutionary.‚Äù TechRadar,0.5,good everyday performance not revolutionary techradar,good everyday performance revolutionary techradar,good everyday performance revolutionary techradar,58,53,6
54,"‚ÄúStep down from iPhone 17 in some ways, but cheaper and lighter.‚Äù TechRadar",0.5,step down from iphone in some ways but cheaper and lighter techradar,step iphone ways cheaper lighter techradar,step iphone way cheaper lighter techradar,75,68,12
55,‚ÄúCamera and speed are strong ‚Äî some software features are mixed.‚Äù 91mobiles,0.5,camera and speed are strong some software features are mixed mobiles,camera speed strong software features mixed mobiles,camera speed strong software feature mixed mobile,75,68,11
56,‚ÄúSmooth UX for most tasks; power users see incremental change.‚Äù TechRadar,0.5,smooth ux for most tasks power users see incremental change techradar,smooth ux tasks power users see incremental change techradar,smooth ux task power user see incremental change techradar,73,69,11
57,"‚ÄúLong-term: many positives, but a few persistent annoyances.‚Äù 91mobiles",0.5,longterm many positives but a few persistent annoyances mobiles,longterm many positives persistent annoyances mobiles,longterm many positive persistent annoyance mobile,71,63,9
58,‚ÄúGreat for many buyers; others call it an iterative refresh.‚Äù TechRadar,0.5,great for many buyers others call it an iterative refresh techradar,great many buyers others call iterative refresh techradar,great many buyer others call iterative refresh techradar,71,67,11
59,‚ÄúUser impressions vary ‚Äî depends on what you‚Äôre upgrading from.‚Äù Flipkart,0.5,user impressions vary depends on what youre upgrading from flipkart,user impressions vary depends youre upgrading flipkart,user impression vary depends youre upgrading flipkart,73,67,10
60,"I am writing this review after 3 month of use I love it‚Äôs size, smoothness and can say Best phone ever made by apple till now, whole day battery life in an I phone is amazing",1.0,i am writing this review after month of use i love its size smoothness and can say best phone ever made by apple till now whole day battery life in an i phone is amazing,writing review month use love size smoothness say best phone ever made apple till whole day battery life phone amazing,writing review month use love size smoothness say best phone ever made apple till whole day battery life phone amazing,174,169,35
61,iPhone as always is Stunning and Excellent gadget to have.I love the size and Battery Life is alsoüëå.,1.0,iphone as always is stunning and excellent gadget to havei love the size and battery life is also,iphone always stunning excellent gadget havei love size battery life also,iphone always stunning excellent gadget havei love size battery life also,100,97,18
62,Excellent,1.0,excellent,excellent,excellent,9,9,1
63,"I upgraded from ip xr to ip 16 honestly I only noticed the performance,display and camera it wasn‚Äôt like ‚Äúwow this is amazing ‚Äú but yeah it was worth and upgrade and i have noticed it heats up a bit more than my old phone and overall it‚Äôs quite good. I would say go for it if you want a long lasting phone",1.0,i upgraded from ip xr to ip honestly i only noticed the performancedisplay and camera it wasnt like wow this is amazing but yeah it was worth and upgrade and i have noticed it heats up a bit more than my old phone and overall its quite good i would say go for it if you want a long lasting phone,upgraded ip xr ip honestly noticed performancedisplay camera wasnt like wow amazing yeah worth upgrade noticed heats bit old phone overall quite good would say go want long lasting phone,upgraded ip xr ip honestly noticed performancedisplay camera wasnt like wow amazing yeah worth upgrade noticed heat bit old phone overall quite good would say go want long lasting phone,305,295,61
64,excellent phone. looks beautiful too.,1.0,excellent phone looks beautiful too,excellent phone looks beautiful,excellent phone look beautiful,37,35,5
65,"Good, user friendly , battery is good,",1.0,good user friendly battery is good,good user friendly battery good,good user friendly battery good,38,34,6
66,amazing delivery,1.0,amazing delivery,amazing delivery,amazing delivery,16,16,2
67,A good buy if the budget permits,1.0,a good buy if the budget permits,good buy budget permits,good buy budget permit,32,32,7
68,The delivery was smooth and the phone condition was original as like the store.,1.0,the delivery was smooth and the phone condition was original as like the store,delivery smooth phone condition original like store,delivery smooth phone condition original like store,79,78,14
69,"Exciting phone using first time, thanks Apple",1.0,exciting phone using first time thanks apple,exciting phone using first time thanks apple,exciting phone using first time thanks apple,45,44,7
70,"Well,everything‚Äôs going great then sudden it falls from my car when i was sat on a car seat and its broke!!! Totally broke my screen it just been 2 months",0.0,welleverythings going great then sudden it falls from my car when i was sat on a car seat and its broke totally broke my screen it just been months,welleverythings going great sudden falls car sat car seat broke totally broke screen months,welleverythings going great sudden fall car sat car seat broke totally broke screen month,154,147,29
71,Battery is weak even in the initial stage of purchase. Very bad standard for iPhone products. Withstanding for one day is difficult,0.0,battery is weak even in the initial stage of purchase very bad standard for iphone products withstanding for one day is difficult,battery weak even initial stage purchase bad standard iphone products withstanding one day difficult,battery weak even initial stage purchase bad standard iphone product withstanding one day difficult,131,129,22
72,"I had ordered the phone under exchange of iPhone 14 only one year old and had promised me ‚Çπ30,300 but at the time of exchange amazon demanded ‚Çπ12,000 more which I refused and paid the balance without exchange as I was not inclined to part my old phone which is damage free and looks like new. They run an app so called Rabbit Exchange. Œ§he delivery executive didn‚Äôt tell me exact reason for charging extra money except that the app says so. So the testing is not al all transparent but a ploy to cheat the customer. I had procured the earlier phone from Amazon itself and if any criteria not meeting rests on Amazon only, I doubt the phone is a refurbished one I made a formal complaint to Amazon Pay the only window I could find but they refused to entertain.",0.0,i had ordered the phone under exchange of iphone only one year old and had promised me but at the time of exchange amazon demanded more which i refused and paid the balance without exchange as i was not inclined to part my old phone which is damage free and looks like new they run an app so called rabbit exchange he delivery executive didnt tell me exact reason for charging extra money except that the app says so so the testing is not al all transparent but a ploy to cheat the customer i had procured the earlier phone from amazon itself and if any criteria not meeting rests on amazon only i doubt the phone is a refurbished one i made a formal complaint to amazon pay the only window i could find but they refused to entertain,ordered phone exchange iphone one year old promised time exchange amazon demanded refused paid balance without exchange inclined part old phone damage free looks like new run app called rabbit exchange delivery executive didnt tell exact reason charging extra money except app says testing al transparent ploy cheat customer procured earlier phone amazon criteria meeting rests amazon doubt phone refurbished one made formal complaint amazon pay window could find refused entertain,ordered phone exchange iphone one year old promised time exchange amazon demanded refused paid balance without exchange inclined part old phone damage free look like new run app called rabbit exchange delivery executive didnt tell exact reason charging extra money except app say testing al transparent ploy cheat customer procured earlier phone amazon criterion meeting rest amazon doubt phone refurbished one made formal complaint amazon pay window could find refused entertain,760,733,140
73,Just a gift for my wife. Still value for money. Working fine. But it cost for brand value.,0.0,just a gift for my wife still value for money working fine but it cost for brand value,gift wife still value money working fine cost brand value,gift wife still value money working fine cost brand value,90,86,18
74,Battery drains fast and heating issues.,0.0,battery drains fast and heating issues,battery drains fast heating issues,battery drain fast heating issue,39,38,6
75,"Value for money-3 Battery Durability-4*, Battery quality-1 star(after charging for20 mins phone gets heat up like anything) Phone proccessor-Slow (compared to Android, requires patience for a person like who has always prefereed high spped processing_ For half of the feature i had to ask Siri, check applesupport Overall if you are using oneplus (good quality one, u may find it difficult or maybe need sometime to grt used with the spped, features and batery issues), some good features as well but i am still exploring,",0.0,value for money battery durability battery quality starafter charging for mins phone gets heat up like anything phone proccessorslow compared to android requires patience for a person like who has always prefereed high spped processing for half of the feature i had to ask siri check applesupport overall if you are using oneplus good quality one u may find it difficult or maybe need sometime to grt used with the spped features and batery issues some good features as well but i am still exploring,value money battery durability battery quality starafter charging mins phone gets heat like anything phone proccessorslow compared android requires patience person like always prefereed high spped processing half feature ask siri check applesupport overall using oneplus good quality one u may find difficult maybe need sometime grt used spped features batery issues good features well still exploring,value money battery durability battery quality starafter charging min phone get heat like anything phone proccessorslow compared android requires patience person like always prefereed high spped processing half feature ask siri check applesupport overall using oneplus good quality one u may find difficult maybe need sometime grt used spped feature batery issue good feature well still exploring,522,499,85
76,"Not very happy with the phone. Phone is getting hang, glitches while typing, touch is sometimes too sensitive sometimes not at all sensitive. Not very happy. Apple is losing its authenticity with time. Price is increasing but the services are performance is declining.",0.0,not very happy with the phone phone is getting hang glitches while typing touch is sometimes too sensitive sometimes not at all sensitive not very happy apple is losing its authenticity with time price is increasing but the services are performance is declining,happy phone phone getting hang glitches typing touch sometimes sensitive sometimes sensitive happy apple losing authenticity time price increasing services performance declining,happy phone phone getting hang glitch typing touch sometimes sensitive sometimes sensitive happy apple losing authenticity time price increasing service performance declining,268,261,43
77,"Software issue out of the box and Flipkart had better offers, try store offers they offer more. Got my another device from store which worked 5k cheaper than online.",0.0,software issue out of the box and flipkart had better offers try store offers they offer more got my another device from store which worked k cheaper than online,software issue box flipkart better offers try store offers offer got another device store worked k cheaper online,software issue box flipkart better offer try store offer offer got another device store worked k cheaper online,165,161,29
78,Android better than this phone,0.0,android better than this phone,android better phone,android better phone,30,30,5
79,"Defective product received from Amazon', Amazon India is denying to pick up the Phone and giving reasons to delay the pick up - Phone not operational, despite of giving all explanations, pick up agent denied to take the phone back saying IMEI number is required. He asked me to charge the phone but the charging slot does not support apple charger. Requested customer care support who informed that they need 5 working days to investigate the issue and I need to connect with them after 5 days to know the status. Poor sales team, Poor after sales service, defective product received, customer services team provides false and different information everytime I call them. Extremely disappointed and frustrated by Amazon India. I would urge all users to avoid buying expensive products from Amazon - they are fooling customers and troubling them.",0.0,defective product received from amazon amazon india is denying to pick up the phone and giving reasons to delay the pick up phone not operational despite of giving all explanations pick up agent denied to take the phone back saying imei number is required he asked me to charge the phone but the charging slot does not support apple charger requested customer care support who informed that they need working days to investigate the issue and i need to connect with them after days to know the status poor sales team poor after sales service defective product received customer services team provides false and different information everytime i call them extremely disappointed and frustrated by amazon india i would urge all users to avoid buying expensive products from amazon they are fooling customers and troubling them,defective product received amazon amazon india denying pick phone giving reasons delay pick phone operational despite giving explanations pick agent denied take phone back saying imei number required asked charge phone charging slot support apple charger requested customer care support informed need working days investigate issue need connect days know status poor sales team poor sales service defective product received customer services team provides false different information everytime call extremely disappointed frustrated amazon india would urge users avoid buying expensive products amazon fooling customers troubling,defective product received amazon amazon india denying pick phone giving reason delay pick phone operational despite giving explanation pick agent denied take phone back saying imei number required asked charge phone charging slot support apple charger requested customer care support informed need working day investigate issue need connect day know status poor sale team poor sale service defective product received customer service team provides false different information everytime call extremely disappointed frustrated amazon india would urge user avoid buying expensive product amazon fooling customer troubling,845,824,136
80,The box which i received is damaged and I have not opened the box and requested for cancellation of this product,0.5,the box which i received is damaged and i have not opened the box and requested for cancellation of this product,box received damaged opened box requested cancellation product,box received damaged opened box requested cancellation product,112,112,21
81,"I was an android user, it's price is not worth at all. this is my genuine review. if u are android user don't go for iPhone. don't waste money. buy samsung s series phone instead of buying iphone.",0.5,i was an android user its price is not worth at all this is my genuine review if u are android user dont go for iphone dont waste money buy samsung s series phone instead of buying iphone,android user price worth genuine review u android user dont go iphone dont waste money buy samsung series phone instead buying iphone,android user price worth genuine review u android user dont go iphone dont waste money buy samsung series phone instead buying iphone,196,187,38
82,"The battery doesn't last more than 4 hours, there is heating problem from the day one. Also, it gives electric shock when on charge. the Camera quality also seems to be poor compared to Iphone used by my friends. I am not sure if this is duplicate phone.",0.5,the battery doesnt last more than hours there is heating problem from the day one also it gives electric shock when on charge the camera quality also seems to be poor compared to iphone used by my friends i am not sure if this is duplicate phone,battery doesnt last hours heating problem day one also gives electric shock charge camera quality also seems poor compared iphone used friends sure duplicate phone,battery doesnt last hour heating problem day one also give electric shock charge camera quality also seems poor compared iphone used friend sure duplicate phone,254,245,47
83,"I purchased Apple 16 128GB on 16/Jan/2025 started using it from 17/Jan battery is draining even though its idle, authorized service center also confirmed and they gave a service record letter (after lot of conversation the representative hardly agreed to upload the document he is really not suitable to continue in the position) i uploaded the report to amazon, when i choose for replacement Amazon says they need another letter from Authorized service center, as expected they Apple never gave any denied report to anyone, now i don't have option to either replace and cancel. Amazon customer care is really not helpful, better don't buy any products from amazon website offers by attracted, they will send a defective /refurbished/re-used devices.. Amazon you loss the trust and belief of a valued customer who paid 80,000/- on a product My sincere suggestion to those who want buy any apple product better visit the store and purchase from there.",0.5,i purchased apple gb on jan started using it from jan battery is draining even though its idle authorized service center also confirmed and they gave a service record letter after lot of conversation the representative hardly agreed to upload the document he is really not suitable to continue in the position i uploaded the report to amazon when i choose for replacement amazon says they need another letter from authorized service center as expected they apple never gave any denied report to anyone now i dont have option to either replace and cancel amazon customer care is really not helpful better dont buy any products from amazon website offers by attracted they will send a defective refurbishedreused devices amazon you loss the trust and belief of a valued customer who paid on a product my sincere suggestion to those who want buy any apple product better visit the store and purchase from there,purchased apple gb jan started using jan battery draining even though idle authorized service center also confirmed gave service record letter lot conversation representative hardly agreed upload document really suitable continue position uploaded report amazon choose replacement amazon says need another letter authorized service center expected apple never gave denied report anyone dont option either replace cancel amazon customer care really helpful better dont buy products amazon website offers attracted send defective refurbishedreused devices amazon loss trust belief valued customer paid product sincere suggestion want buy apple product better visit store purchase,purchased apple gb jan started using jan battery draining even though idle authorized service center also confirmed gave service record letter lot conversation representative hardly agreed upload document really suitable continue position uploaded report amazon choose replacement amazon say need another letter authorized service center expected apple never gave denied report anyone dont option either replace cancel amazon customer care really helpful better dont buy product amazon website offer attracted send defective refurbishedreused device amazon loss trust belief valued customer paid product sincere suggestion want buy apple product better visit store purchase,950,907,154
84,"Disappointed ‚Äì Brand New iPhone 16‚Äôs Front Camera Stopped Working in a Week I purchased the iPhone 16 from Amazon with high expectations. Unfortunately, within 2 week, the front camera completely stopped working. I had to send the device to Apple Care for repair, and even after 10 days, I have not received it back. It‚Äôs extremely disappointing to face such an issue with a brand-new premium device. For a product of this price and reputation, I expected much better reliability .",0.5,disappointed brand new iphone s front camera stopped working in a week i purchased the iphone from amazon with high expectations unfortunately within week the front camera completely stopped working i had to send the device to apple care for repair and even after days i have not received it back its extremely disappointing to face such an issue with a brandnew premium device for a product of this price and reputation i expected much better reliability,disappointed brand new iphone front camera stopped working week purchased iphone amazon high expectations unfortunately within week front camera completely stopped working send device apple care repair even days received back extremely disappointing face issue brandnew premium device product price reputation expected much better reliability,disappointed brand new iphone front camera stopped working week purchased iphone amazon high expectation unfortunately within week front camera completely stopped working send device apple care repair even day received back extremely disappointing face issue brandnew premium device product price reputation expected much better reliability,481,455,77
85,It is a very poor and demage product please help me as a possible,0.5,it is a very poor and demage product please help me as a possible,poor demage product please help possible,poor demage product please help possible,65,65,14
86,"Product is good, but the delivery agent is too irresponsible one, not delivered to me in my door step, I collected the item from there hub 23km away from my side",0.5,product is good but the delivery agent is too irresponsible one not delivered to me in my door step i collected the item from there hub km away from my side,product good delivery agent irresponsible one delivered door step collected item hub km away side,product good delivery agent irresponsible one delivered door step collected item hub km away side,161,156,31
87,"Never buy something expensive in online ‚Ä¶ until unless this are good its fine. If its ua unfortunate, you will go through hell . Its been more than 15 days no refund initiated. They give rejection your documents for return approval and ask you to keep defective piece with you or tell u to get it repaired since its under 1 year warranty",0.5,never buy something expensive in online until unless this are good its fine if its ua unfortunate you will go through hell its been more than days no refund initiated they give rejection your documents for return approval and ask you to keep defective piece with you or tell u to get it repaired since its under year warranty,never buy something expensive online unless good fine ua unfortunate go hell days refund initiated give rejection documents return approval ask keep defective piece tell u get repaired since year warranty,never buy something expensive online unless good fine ua unfortunate go hell day refund initiated give rejection document return approval ask keep defective piece tell u get repaired since year warranty,337,325,59
88,Third class phone heating and lagging a lot Didn't expect this,0.5,third class phone heating and lagging a lot didnt expect this,third class phone heating lagging lot didnt expect,third class phone heating lagging lot didnt expect,62,61,11
89,It is very small size. I want to replace/ return it. Please return it give the option to buy another big size iphone 16. Amazon CS not helping for this and denied to return/ replace.,0.5,it is very small size i want to replace return it please return it give the option to buy another big size iphone amazon cs not helping for this and denied to return replace,small size want replace return please return give option buy another big size iphone amazon cs helping denied return replace,small size want replace return please return give option buy another big size iphone amazon c helping denied return replace,182,173,34
90,"The iPhone 16's new camera system is absolutely phenomenal, capturing stunning detail and vibrant colors.",1.0,the iphone s new camera system is absolutely phenomenal capturing stunning detail and vibrant colors,iphone new camera system absolutely phenomenal capturing stunning detail vibrant colors,iphone new camera system absolutely phenomenal capturing stunning detail vibrant color,105,100,15
91,I'm incredibly impressed with the battery life on the iPhone 16; it easily lasts me all day with heavy usage.,1.0,im incredibly impressed with the battery life on the iphone it easily lasts me all day with heavy usage,im incredibly impressed battery life iphone easily lasts day heavy usage,im incredibly impressed battery life iphone easily last day heavy usage,109,103,19
92,"The display on the iPhone 16 is a visual masterpiece, offering incredible brightness and clarity for all content.",1.0,the display on the iphone is a visual masterpiece offering incredible brightness and clarity for all content,display iphone visual masterpiece offering incredible brightness clarity content,display iphone visual masterpiece offering incredible brightness clarity content,113,108,17
93,"Performance on the iPhone 16 is blazing fast, handling every app and game with effortless smoothness.",1.0,performance on the iphone is blazing fast handling every app and game with effortless smoothness,performance iphone blazing fast handling every app game effortless smoothness,performance iphone blazing fast handling every app game effortless smoothness,101,96,15
94,I love the updated design of the iPhone 16; it feels premium and comfortable to hold.,1.0,i love the updated design of the iphone it feels premium and comfortable to hold,love updated design iphone feels premium comfortable hold,love updated design iphone feel premium comfortable hold,85,80,15
95,The new software features tailored for the iPhone 16 are intuitive and genuinely enhance the user experience.,1.0,the new software features tailored for the iphone are intuitive and genuinely enhance the user experience,new software features tailored iphone intuitive genuinely enhance user experience,new software feature tailored iphone intuitive genuinely enhance user experience,109,105,16
96,Audio quality on the iPhone 16's speakers is surprisingly rich and immersive for a smartphone.,1.0,audio quality on the iphone s speakers is surprisingly rich and immersive for a smartphone,audio quality iphone speakers surprisingly rich immersive smartphone,audio quality iphone speaker surprisingly rich immersive smartphone,94,90,15
97,Haptic feedback on the iPhone 16 is precise and adds a satisfying tactile response to interactions.,1.0,haptic feedback on the iphone is precise and adds a satisfying tactile response to interactions,haptic feedback iphone precise adds satisfying tactile response interactions,haptic feedback iphone precise add satisfying tactile response interaction,99,95,15
98,The durability improvements on the iPhone 16 give me peace of mind when carrying it around.,1.0,the durability improvements on the iphone give me peace of mind when carrying it around,durability improvements iphone give peace mind carrying around,durability improvement iphone give peace mind carrying around,91,87,15
99,The ecosystem integration with my other Apple devices through the iPhone 16 is seamless and incredibly efficient.,1.0,the ecosystem integration with my other apple devices through the iphone is seamless and incredibly efficient,ecosystem integration apple devices iphone seamless incredibly efficient,ecosystem integration apple device iphone seamless incredibly efficient,113,109,16
100,"The iPhone 16 is riddled with software bugs, causing frequent app crashes and frustrating freezes.",0.0,the iphone is riddled with software bugs causing frequent app crashes and frustrating freezes,iphone riddled software bugs causing frequent app crashes frustrating freezes,iphone riddled software bug causing frequent app crash frustrating freeze,98,93,14
101,"Battery life on the iPhone 16 is abysmal; it barely gets me through half a day, even with light use.",0.0,battery life on the iphone is abysmal it barely gets me through half a day even with light use,battery life iphone abysmal barely gets half day even light use,battery life iphone abysmal barely get half day even light use,100,94,19
102,"The camera often produces blurry photos in low light, which is unacceptable for a flagship phone like the iPhone 16.",0.0,the camera often produces blurry photos in low light which is unacceptable for a flagship phone like the iphone,camera often produces blurry photos low light unacceptable flagship phone like iphone,camera often produce blurry photo low light unacceptable flagship phone like iphone,116,111,19
103,"The price of the iPhone 16 is ridiculously high, offering very little in terms of real innovation for the cost.",0.0,the price of the iphone is ridiculously high offering very little in terms of real innovation for the cost,price iphone ridiculously high offering little terms real innovation cost,price iphone ridiculously high offering little term real innovation cost,111,106,19
104,"The design of the iPhone 16 feels uninspired and too similar to previous generations, lacking any fresh appeal.",0.0,the design of the iphone feels uninspired and too similar to previous generations lacking any fresh appeal,design iphone feels uninspired similar previous generations lacking fresh appeal,design iphone feel uninspired similar previous generation lacking fresh appeal,111,106,17
105,"The screen sometimes flickers, which is a major distraction and makes using the iPhone 16 unpleasant.",0.0,the screen sometimes flickers which is a major distraction and makes using the iphone unpleasant,screen sometimes flickers major distraction makes using iphone unpleasant,screen sometimes flicker major distraction make using iphone unpleasant,101,96,15
106,"Performance is noticeably sluggish when running multiple apps, which is disappointing for a new iPhone 16.",0.0,performance is noticeably sluggish when running multiple apps which is disappointing for a new iphone,performance noticeably sluggish running multiple apps disappointing new iphone,performance noticeably sluggish running multiple apps disappointing new iphone,106,101,15
107,"The charging speed on the iPhone 16 is still too slow compared to competitors, making it inconvenient.",0.0,the charging speed on the iphone is still too slow compared to competitors making it inconvenient,charging speed iphone still slow compared competitors making inconvenient,charging speed iphone still slow compared competitor making inconvenient,102,97,16
108,"Audio from the speakers on the iPhone 16 sounds tinny and lacks any depth, a clear downgrade.",0.0,audio from the speakers on the iphone sounds tinny and lacks any depth a clear downgrade,audio speakers iphone sounds tinny lacks depth clear downgrade,audio speaker iphone sound tinny lack depth clear downgrade,93,88,16
109,I've experienced several connectivity issues with Wi-Fi and Bluetooth on my iPhone 16 since I bought it.,0.0,ive experienced several connectivity issues with wifi and bluetooth on my iphone since i bought it,ive experienced several connectivity issues wifi bluetooth iphone since bought,ive experienced several connectivity issue wifi bluetooth iphone since bought,104,98,16
110,"The iPhone 16 features a slightly improved processor, offering minor performance gains over its predecessor.",0.5,the iphone features a slightly improved processor offering minor performance gains over its predecessor,iphone features slightly improved processor offering minor performance gains predecessor,iphone feature slightly improved processor offering minor performance gain predecessor,108,103,14
111,"The design of the iPhone 16 is largely consistent with the previous model, with only subtle cosmetic changes.",0.5,the design of the iphone is largely consistent with the previous model with only subtle cosmetic changes,design iphone largely consistent previous model subtle cosmetic changes,design iphone largely consistent previous model subtle cosmetic change,109,104,17
112,"Battery performance on the iPhone 16 is adequate, providing a full day of typical use for most users.",0.5,battery performance on the iphone is adequate providing a full day of typical use for most users,battery performance iphone adequate providing full day typical use users,battery performance iphone adequate providing full day typical use user,101,96,17
113,"The camera system on the iPhone 16 offers decent photo quality in good lighting conditions, but nothing revolutionary.",0.5,the camera system on the iphone offers decent photo quality in good lighting conditions but nothing revolutionary,camera system iphone offers decent photo quality good lighting conditions nothing revolutionary,camera system iphone offer decent photo quality good lighting condition nothing revolutionary,118,113,17
114,"The display is bright and clear, similar to what you'd expect from a premium smartphone like the iPhone 16.",0.5,the display is bright and clear similar to what youd expect from a premium smartphone like the iphone,display bright clear similar youd expect premium smartphone like iphone,display bright clear similar youd expect premium smartphone like iphone,107,101,18
115,The software experience on the iPhone 16 is familiar to anyone who has used an iOS device before.,0.5,the software experience on the iphone is familiar to anyone who has used an ios device before,software experience iphone familiar anyone used ios device,software experience iphone familiar anyone used io device,97,93,17
116,"Charging speeds for the iPhone 16 remain unchanged from the last generation, neither fast nor slow.",0.5,charging speeds for the iphone remain unchanged from the last generation neither fast nor slow,charging speeds iphone remain unchanged last generation neither fast slow,charging speed iphone remain unchanged last generation neither fast slow,99,94,15
117,Audio quality from the built-in speakers of the iPhone 16 is standard for a smartphone.,0.5,audio quality from the builtin speakers of the iphone is standard for a smartphone,audio quality builtin speakers iphone standard smartphone,audio quality builtin speaker iphone standard smartphone,87,82,14
118,"The iPhone 16 includes some new features, but they are not groundbreaking and are mostly iterative updates.",0.5,the iphone includes some new features but they are not groundbreaking and are mostly iterative updates,iphone includes new features groundbreaking mostly iterative updates,iphone includes new feature groundbreaking mostly iterative update,107,102,16
119,"The build quality of the iPhone 16 feels solid and robust, as is typical for Apple devices.",0.5,the build quality of the iphone feels solid and robust as is typical for apple devices,build quality iphone feels solid robust typical apple devices,build quality iphone feel solid robust typical apple device,91,86,16
120,"Customers find the iPhone's quality excellent and consider it worth the upgrade, with positive feedback about its camera features and sleek design.",1.0,customers find the iphones quality excellent and consider it worth the upgrade with positive feedback about its camera features and sleek design,customers find iphones quality excellent consider worth upgrade positive feedback camera features sleek design,customer find iphones quality excellent consider worth upgrade positive feedback camera feature sleek design,147,144,22
121,"review after 3 month of use I love it‚Äôs size, smoothness and can say Best phone ever made by apple till now, whole day battery life in an I phone is amazing",1.0,review after month of use i love its size smoothness and can say best phone ever made by apple till now whole day battery life in an i phone is amazing,review month use love size smoothness say best phone ever made apple till whole day battery life phone amazing,review month use love size smoothness say best phone ever made apple till whole day battery life phone amazing,156,151,31
122,iPhone as always is Stunning and Excellent gadget to have.I love the size and Battery Life is alsoüëå.,1.0,iphone as always is stunning and excellent gadget to havei love the size and battery life is also,iphone always stunning excellent gadget havei love size battery life also,iphone always stunning excellent gadget havei love size battery life also,100,97,18
123,"The 16 is great - The battery is better, It‚Äôs faster, camera has some additional features - but pretty much the same old same old beyond that",1.0,the is great the battery is better its faster camera has some additional features but pretty much the same old same old beyond that,great battery better faster camera additional features pretty much old old beyond,great battery better faster camera additional feature pretty much old old beyond,141,131,24
124,excellent phone. looks beautiful too.,1.0,excellent phone looks beautiful too,excellent phone looks beautiful,excellent phone look beautiful,37,35,5
125,iPhone 16 has good quality camera and performance super bbb,1.0,iphone has good quality camera and performance super bbb,iphone good quality camera performance super bbb,iphone good quality camera performance super bbb,59,56,9
126,"Phone is very smooth, battery is far better than 14 which I previously had. IOS 18 is perfectly running with no bugs",1.0,phone is very smooth battery is far better than which i previously had ios is perfectly running with no bugs,phone smooth battery far better previously ios perfectly running bugs,phone smooth battery far better previously io perfectly running bug,116,108,20
127,"I'm a college student and I bought it with my scholarship money, I think the 16 base varient is a absolute beast for Photography and videography, it's performance is also good no major heating issues and battery is overall good",1.0,im a college student and i bought it with my scholarship money i think the base varient is a absolute beast for photography and videography its performance is also good no major heating issues and battery is overall good,im college student bought scholarship money think base varient absolute beast photography videography performance also good major heating issues battery overall good,im college student bought scholarship money think base varient absolute beast photography videography performance also good major heating issue battery overall good,227,220,39
128,"Amazing iphone 16 ,feeling like smooth and fresh",1.0,amazing iphone feeling like smooth and fresh,amazing iphone feeling like smooth fresh,amazing iphone feeling like smooth fresh,48,44,7
129,Super smooth super fast processor ,1.0,super smooth super fast processor,super smooth super fast processor,super smooth super fast processor,34,33,5
130,"Battery life is also mixed, with some saying it's good while others report it doesn't last more than 4 hours",0.0,battery life is also mixed with some saying its good while others report it doesnt last more than hours,battery life also mixed saying good others report doesnt last hours,battery life also mixed saying good others report doesnt last hour,108,103,19
131,"Battery is worst,",0.0,battery is worst,battery worst,battery worst,17,16,3
132,Display size is very Less,0.0,display size is very less,display size less,display size less,25,25,5
133,Battery life not meeting expectations,0.0,battery life not meeting expectations,battery life meeting expectations,battery life meeting expectation,37,37,5
134,Overheating issues,0.0,overheating issues,overheating issues,overheating issue,18,18,2
135,"Touchscreen / UI problems,Touchscreen unresponsiveness (especially around new UI features like the Camera Control button) Cashify+1",0.0,touchscreen ui problemstouchscreen unresponsiveness especially around new ui features like the camera control button cashify,touchscreen ui problemstouchscreen unresponsiveness especially around new ui features like camera control button cashify,touchscreen ui problemstouchscreen unresponsiveness especially around new ui feature like camera control button cashify,131,124,15
136,"iPhone 16 is not much of an improvement over previous generations, especially given the high price",0.0,iphone is not much of an improvement over previous generations especially given the high price,iphone much improvement previous generations especially given high price,iphone much improvement previous generation especially given high price,98,94,15
137,Bugs in iOS causing problems,0.0,bugs in ios causing problems,bugs ios causing problems,bug io causing problem,28,28,5
138,"Complaints include camera opening accidentally, sound recording being inconsistent, apps freezing when using camera features.",0.0,complaints include camera opening accidentally sound recording being inconsistent apps freezing when using camera features,complaints include camera opening accidentally sound recording inconsistent apps freezing using camera features,complaint include camera opening accidentally sound recording inconsistent apps freezing using camera feature,125,122,15
139,"Lag, freezing of apps or system apps, or crashes.",0.0,lag freezing of apps or system apps or crashes,lag freezing apps system apps crashes,lag freezing apps system apps crash,49,46,9
140,"I bought iphone 16, after 2 weeks giving the review. Camera too good, performance good, battery need to be improve.",0.5,i bought iphone after weeks giving the review camera too good performance good battery need to be improve,bought iphone weeks giving review camera good performance good battery need improve,bought iphone week giving review camera good performance good battery need improve,115,105,18
141,Performance is solid,0.5,performance is solid,performance solid,performance solid,20,20,3
142,"Apple‚Äôs design, premium materials, and newer buttons (Action Button, Camera Control) are liked. It‚Äôs felt as a well-made phone.",0.5,apples design premium materials and newer buttons action button camera control are liked its felt as a wellmade phone,apples design premium materials newer buttons action button camera control liked felt wellmade phone,apple design premium material newer button action button camera control liked felt wellmade phone,127,117,19
143,"Camera improvements The 48 MP main camera, ultrawide, better photographic features etc., are viewed as real upgrades. For people who take photos, this is one of the positives.",0.5,camera improvements the mp main camera ultrawide better photographic features etc are viewed as real upgrades for people who take photos this is one of the positives,camera improvements mp main camera ultrawide better photographic features etc viewed real upgrades people take photos one positives,camera improvement mp main camera ultrawide better photographic feature etc viewed real upgrade people take photo one positive,175,165,27
144,"While not universally praised, some review sources say battery life is quite decent, manageable for one day under average usage. Some features improving efficiency are also liked.",0.5,while not universally praised some review sources say battery life is quite decent manageable for one day under average usage some features improving efficiency are also liked,universally praised review sources say battery life quite decent manageable one day average usage features improving efficiency also liked,universally praised review source say battery life quite decent manageable one day average usage feature improving efficiency also liked,179,175,27
145,"When sale/discounts/ exchange offers / bank offers apply, a lot of people say the phone becomes more attractive-value, making the higher price more justifiable.",0.5,when salediscounts exchange offers bank offers apply a lot of people say the phone becomes more attractivevalue making the higher price more justifiable,salediscounts exchange offers bank offers apply lot people say phone becomes attractivevalue making higher price justifiable,salediscounts exchange offer bank offer apply lot people say phone becomes attractivevalue making higher price justifiable,160,152,23
146,"Not a huge upgrade from previous models
Some say if you already have iPhone 14 or 15, the differences aren‚Äôt big enough to justify upgrading. ",0.5,not a huge upgrade from previous models some say if you already have iphone or the differences arent big enough to justify upgrading,huge upgrade previous models say already iphone differences arent big enough justify upgrading,huge upgrade previous model say already iphone difference arent big enough justify upgrading,142,132,23
147,"60Hz display on standard model
The standard iPhone 16 has a 60Hz refresh rate display (vs higher rates in competition or in the Pro line), and some find this lacking in smoothness or premium feel. ",0.5,hz display on standard model the standard iphone has a hz refresh rate display vs higher rates in competition or in the pro line and some find this lacking in smoothness or premium feel,hz display standard model standard iphone hz refresh rate display vs higher rates competition pro line find lacking smoothness premium feel,hz display standard model standard iphone hz refresh rate display v higher rate competition pro line find lacking smoothness premium feel,197,185,34
148,"AI / promised features not fully available at launch
Some are disappointed because features like ‚ÄúApple Intelligence‚Äù or advanced Siri etc. are being advertised but only partly available or delayed. ",0.5,ai promised features not fully available at launch some are disappointed because features like apple intelligence or advanced siri etc are being advertised but only partly available or delayed,ai promised features fully available launch disappointed features like apple intelligence advanced siri etc advertised partly available delayed,ai promised feature fully available launch disappointed feature like apple intelligence advanced siri etc advertised partly available delayed,199,192,29
149,"Apple‚Äôs design, premium materials, and newer buttons ",0.5,apples design premium materials and newer buttons,apples design premium materials newer buttons,apple design premium material newer button,53,49,7
150,"Customers find the iPhone's quality excellent and consider it worth the upgrade, with positive feedback about its camera features and sleek design.",1.0,customers find the iphones quality excellent and consider it worth the upgrade with positive feedback about its camera features and sleek design,customers find iphones quality excellent consider worth upgrade positive feedback camera features sleek design,customer find iphones quality excellent consider worth upgrade positive feedback camera feature sleek design,147,144,22
151,"review after 3 month of use I love it‚Äôs size, smoothness and can say Best phone ever made by apple till now, whole day battery life in an I phone is amazing",1.0,review after month of use i love its size smoothness and can say best phone ever made by apple till now whole day battery life in an i phone is amazing,review month use love size smoothness say best phone ever made apple till whole day battery life phone amazing,review month use love size smoothness say best phone ever made apple till whole day battery life phone amazing,156,151,31
152,iPhone as always is Stunning and Excellent gadget to have.I love the size and Battery Life is alsoüëå.,1.0,iphone as always is stunning and excellent gadget to havei love the size and battery life is also,iphone always stunning excellent gadget havei love size battery life also,iphone always stunning excellent gadget havei love size battery life also,100,97,18
153,"The 16 is great - The battery is better, It‚Äôs faster, camera has some additional features - but pretty much the same old same old beyond that",1.0,the is great the battery is better its faster camera has some additional features but pretty much the same old same old beyond that,great battery better faster camera additional features pretty much old old beyond,great battery better faster camera additional feature pretty much old old beyond,141,131,24
154,excellent phone. looks beautiful too.,1.0,excellent phone looks beautiful too,excellent phone looks beautiful,excellent phone look beautiful,37,35,5
155,iPhone 16 has good quality camera and performance super bbb,1.0,iphone has good quality camera and performance super bbb,iphone good quality camera performance super bbb,iphone good quality camera performance super bbb,59,56,9
156,"Phone is very smooth, battery is far better than 14 which I previously had. IOS 18 is perfectly running with no bugs",1.0,phone is very smooth battery is far better than which i previously had ios is perfectly running with no bugs,phone smooth battery far better previously ios perfectly running bugs,phone smooth battery far better previously io perfectly running bug,116,108,20
157,"I'm a college student and I bought it with my scholarship money, I think the 16 base varient is a absolute beast for Photography and videography, it's performance is also good no major heating issues and battery is overall good",1.0,im a college student and i bought it with my scholarship money i think the base varient is a absolute beast for photography and videography its performance is also good no major heating issues and battery is overall good,im college student bought scholarship money think base varient absolute beast photography videography performance also good major heating issues battery overall good,im college student bought scholarship money think base varient absolute beast photography videography performance also good major heating issue battery overall good,227,220,39
158,"Amazing iphone 16 ,feeling like smooth and fresh",1.0,amazing iphone feeling like smooth and fresh,amazing iphone feeling like smooth fresh,amazing iphone feeling like smooth fresh,48,44,7
159,Super smooth super fast processor ,1.0,super smooth super fast processor,super smooth super fast processor,super smooth super fast processor,34,33,5
160,"Battery life is also mixed, with some saying it's good while others report it doesn't last more than 4 hours",0.0,battery life is also mixed with some saying its good while others report it doesnt last more than hours,battery life also mixed saying good others report doesnt last hours,battery life also mixed saying good others report doesnt last hour,108,103,19
161,"Battery is worst,",0.0,battery is worst,battery worst,battery worst,17,16,3
162,Display size is very Less,0.0,display size is very less,display size less,display size less,25,25,5
163,Battery life not meeting expectations,0.0,battery life not meeting expectations,battery life meeting expectations,battery life meeting expectation,37,37,5
164,Overheating issues,0.0,overheating issues,overheating issues,overheating issue,18,18,2
165,"Touchscreen / UI problems,Touchscreen unresponsiveness (especially around new UI features like the Camera Control button) Cashify+1",0.0,touchscreen ui problemstouchscreen unresponsiveness especially around new ui features like the camera control button cashify,touchscreen ui problemstouchscreen unresponsiveness especially around new ui features like camera control button cashify,touchscreen ui problemstouchscreen unresponsiveness especially around new ui feature like camera control button cashify,131,124,15
166,"iPhone 16 is not much of an improvement over previous generations, especially given the high price",0.0,iphone is not much of an improvement over previous generations especially given the high price,iphone much improvement previous generations especially given high price,iphone much improvement previous generation especially given high price,98,94,15
167,Bugs in iOS causing problems,0.0,bugs in ios causing problems,bugs ios causing problems,bug io causing problem,28,28,5
168,"Complaints include camera opening accidentally, sound recording being inconsistent, apps freezing when using camera features.",0.0,complaints include camera opening accidentally sound recording being inconsistent apps freezing when using camera features,complaints include camera opening accidentally sound recording inconsistent apps freezing using camera features,complaint include camera opening accidentally sound recording inconsistent apps freezing using camera feature,125,122,15
169,"Lag, freezing of apps or system apps, or crashes.",0.0,lag freezing of apps or system apps or crashes,lag freezing apps system apps crashes,lag freezing apps system apps crash,49,46,9
170,"I bought iphone 16, after 2 weeks giving the review. Camera too good, performance good, battery need to be improve.",0.5,i bought iphone after weeks giving the review camera too good performance good battery need to be improve,bought iphone weeks giving review camera good performance good battery need improve,bought iphone week giving review camera good performance good battery need improve,115,105,18
171,Performance is solid,0.5,performance is solid,performance solid,performance solid,20,20,3
172,"Apple‚Äôs design, premium materials, and newer buttons (Action Button, Camera Control) are liked. It‚Äôs felt as a well-made phone.",0.5,apples design premium materials and newer buttons action button camera control are liked its felt as a wellmade phone,apples design premium materials newer buttons action button camera control liked felt wellmade phone,apple design premium material newer button action button camera control liked felt wellmade phone,127,117,19
173,"Camera improvements The 48 MP main camera, ultrawide, better photographic features etc., are viewed as real upgrades. For people who take photos, this is one of the positives.",0.5,camera improvements the mp main camera ultrawide better photographic features etc are viewed as real upgrades for people who take photos this is one of the positives,camera improvements mp main camera ultrawide better photographic features etc viewed real upgrades people take photos one positives,camera improvement mp main camera ultrawide better photographic feature etc viewed real upgrade people take photo one positive,175,165,27
174,"While not universally praised, some review sources say battery life is quite decent, manageable for one day under average usage. Some features improving efficiency are also liked.",0.5,while not universally praised some review sources say battery life is quite decent manageable for one day under average usage some features improving efficiency are also liked,universally praised review sources say battery life quite decent manageable one day average usage features improving efficiency also liked,universally praised review source say battery life quite decent manageable one day average usage feature improving efficiency also liked,179,175,27
175,"When sale/discounts/ exchange offers / bank offers apply, a lot of people say the phone becomes more attractive-value, making the higher price more justifiable.",0.5,when salediscounts exchange offers bank offers apply a lot of people say the phone becomes more attractivevalue making the higher price more justifiable,salediscounts exchange offers bank offers apply lot people say phone becomes attractivevalue making higher price justifiable,salediscounts exchange offer bank offer apply lot people say phone becomes attractivevalue making higher price justifiable,160,152,23
176,"Not a huge upgrade from previous models
Some say if you already have iPhone 14 or 15, the differences aren‚Äôt big enough to justify upgrading. ",0.5,not a huge upgrade from previous models some say if you already have iphone or the differences arent big enough to justify upgrading,huge upgrade previous models say already iphone differences arent big enough justify upgrading,huge upgrade previous model say already iphone difference arent big enough justify upgrading,142,132,23
177,"60Hz display on standard model
The standard iPhone 16 has a 60Hz refresh rate display (vs higher rates in competition or in the Pro line), and some find this lacking in smoothness or premium feel. ",0.5,hz display on standard model the standard iphone has a hz refresh rate display vs higher rates in competition or in the pro line and some find this lacking in smoothness or premium feel,hz display standard model standard iphone hz refresh rate display vs higher rates competition pro line find lacking smoothness premium feel,hz display standard model standard iphone hz refresh rate display v higher rate competition pro line find lacking smoothness premium feel,197,185,34
178,"AI / promised features not fully available at launch
Some are disappointed because features like ‚ÄúApple Intelligence‚Äù or advanced Siri etc. are being advertised but only partly available or delayed. ",0.5,ai promised features not fully available at launch some are disappointed because features like apple intelligence or advanced siri etc are being advertised but only partly available or delayed,ai promised features fully available launch disappointed features like apple intelligence advanced siri etc advertised partly available delayed,ai promised feature fully available launch disappointed feature like apple intelligence advanced siri etc advertised partly available delayed,199,192,29
179,"Apple‚Äôs design, premium materials, and newer buttons ",0.5,apples design premium materials and newer buttons,apples design premium materials newer buttons,apple design premium material newer button,53,49,7
180,"Customers find the iPhone's quality excellent and consider it worth the upgrade, with positive feedback about its camera features",1.0,customers find the iphones quality excellent and consider it worth the upgrade with positive feedback about its camera features,customers find iphones quality excellent consider worth upgrade positive feedback camera features,customer find iphones quality excellent consider worth upgrade positive feedback camera feature,129,127,19
181,iPhone as always is Stunning and Excellent gadget to have,1.0,iphone as always is stunning and excellent gadget to have,iphone always stunning excellent gadget,iphone always stunning excellent gadget,57,57,10
182,Good camera.,1.0,good camera,good camera,good camera,12,11,2
183,"I am writing this review after 3 month of use I love it‚Äôs size, smoothness an",1.0,i am writing this review after month of use i love its size smoothness an,writing review month use love size smoothness,writing review month use love size smoothness,77,73,15
184,"Good, user friendly , battery is good,",1.0,good user friendly battery is good,good user friendly battery good,good user friendly battery good,38,34,6
185,Glad I don‚Äôt have any of these issues with mine.,1.0,glad i dont have any of these issues with mine,glad dont issues mine,glad dont issue mine,48,46,10
186,he colors and the new camera bump are easily my favorite parts of the 16!,1.0,he colors and the new camera bump are easily my favorite parts of the,colors new camera bump easily favorite parts,color new camera bump easily favorite part,73,69,14
187,. I can use it to film and edit video for a beauty salon promos with no problems at all,1.0,i can use it to film and edit video for a beauty salon promos with no problems at all,use film edit video beauty salon promos problems,use film edit video beauty salon promos problem,87,85,19
188,it‚Äôs been a great experience so far performance battery display and the color is top notch I absolutely love mine,1.0,its been a great experience so far performance battery display and the color is top notch i absolutely love mine,great experience far performance battery display color top notch absolutely love mine,great experience far performance battery display color top notch absolutely love mine,113,112,20
189,I reaaaally like the frosted glass with the cheerful colours and the stacked lenses design,1.0,i reaaaally like the frosted glass with the cheerful colours and the stacked lenses design,reaaaally like frosted glass cheerful colours stacked lenses design,reaaaally like frosted glass cheerful colour stacked lens design,90,90,15
190,Overall experience of the mobile phone is good but the phone was delivered with scratches,0.0,overall experience of the mobile phone is good but the phone was delivered with scratches,overall experience mobile phone good phone delivered scratches,overall experience mobile phone good phone delivered scratch,89,89,15
191,"while some report excellent performance, others mention issues with the front camera and calling sensor",0.0,while some report excellent performance others mention issues with the front camera and calling sensor,report excellent performance others mention issues front camera calling sensor,report excellent performance others mention issue front camera calling sensor,103,102,15
192,"¬†Battery life is also mixed, with some saying it's good while others report it doesn't last more than 4 hours",0.0,battery life is also mixed with some saying its good while others report it doesnt last more than hours,battery life also mixed saying good others report doesnt last hours,battery life also mixed saying good others report doesnt last hour,109,103,19
193,The display quality and heat level receive mixed feedback.,0.0,the display quality and heat level receive mixed feedback,display quality heat level receive mixed feedback,display quality heat level receive mixed feedback,58,57,9
194,"The battery is better, It‚Äôs faster, camera has some additional features - but pretty much the same old same old beyond that¬†",0.0,the battery is better its faster camera has some additional features but pretty much the same old same old beyond that,battery better faster camera additional features pretty much old old beyond,battery better faster camera additional feature pretty much old old beyond,124,118,21
195,The 16 pro feels less premium and honestly looks less premium,0.0,the pro feels less premium and honestly looks less premium,pro feels less premium honestly looks less premium,pro feel less premium honestly look less premium,61,58,10
196,The phone is just as overpriced as usual so I see nothing wrong.,0.0,the phone is just as overpriced as usual so i see nothing wrong,phone overpriced usual see nothing wrong,phone overpriced usual see nothing wrong,64,63,13
197,I think it‚Äôs your individual phone. My 16 Pro Max has been a pleasure to use.,0.0,i think its your individual phone my pro max has been a pleasure to use,think individual phone pro max pleasure use,think individual phone pro max pleasure use,77,71,15
198,"Mostly good, but I have had the camera lock up on me a few times.",0.0,mostly good but i have had the camera lock up on me a few times,mostly good camera lock times,mostly good camera lock time,65,63,15
199,the 16 Pro is bigger but seems to give me none of the actual benefits of the increased display size.,0.0,the pro is bigger but seems to give me none of the actual benefits of the increased display size,pro bigger seems give none actual benefits increased display size,pro bigger seems give none actual benefit increased display size,100,96,19
200,"I am having problems with Bluetooth connectivity,",0.5,i am having problems with bluetooth connectivity,problems bluetooth connectivity,problem bluetooth connectivity,49,48,7
201,"I have the iPhone 16, no pro, and yes, worst iPhone ever, the camera is disgusting",0.5,i have the iphone no pro and yes worst iphone ever the camera is disgusting,iphone pro yes worst iphone ever camera disgusting,iphone pro yes worst iphone ever camera disgusting,82,75,15
202,Only complaint I have is that the camera control button sucks!,0.5,only complaint i have is that the camera control button sucks,complaint camera control button sucks,complaint camera control button suck,62,61,11
203,"Camera crushed, typing problem, misjudging hand gesture often, photo app crushed that it turned into bright pink screen,",0.5,camera crushed typing problem misjudging hand gesture often photo app crushed that it turned into bright pink screen,camera crushed typing problem misjudging hand gesture often photo app crushed turned bright pink screen,camera crushed typing problem misjudging hand gesture often photo app crushed turned bright pink screen,120,116,18
204,"I've had reception issues, typing issues, random freezing, not responsive to touch, etc.",0.5,ive had reception issues typing issues random freezing not responsive to touch etc,ive reception issues typing issues random freezing responsive touch etc,ive reception issue typing issue random freezing responsive touch etc,88,82,13
205,"the most part is what I experienced... battery, lagging text/screen, car play is now crapola, freezes, etc",0.5,the most part is what i experienced battery lagging textscreen car play is now crapola freezes etc,part experienced battery lagging textscreen car play crapola freezes etc,part experienced battery lagging textscreen car play crapola freeze etc,106,98,17
206,"This phone has it quirks, and so far, the jury is out. One weird one - the microphone will randomly stop working. I",0.5,this phone has it quirks and so far the jury is out one weird one the microphone will randomly stop working i,phone quirks far jury one weird one microphone randomly stop working,phone quirk far jury one weird one microphone randomly stop working,115,109,22
207,"Been having many issues: screen freezing, facial recognition doesn‚Äôt work well, phone overheats all the tim",0.5,been having many issues screen freezing facial recognition doesnt work well phone overheats all the tim,many issues screen freezing facial recognition doesnt work well phone overheats tim,many issue screen freezing facial recognition doesnt work well phone overheats tim,107,103,16
208,I too have 16pro max and facing the same problem of touch unresponsiveness and it is so annoying.,0.5,i too have pro max and facing the same problem of touch unresponsiveness and it is so annoying,pro max facing problem touch unresponsiveness annoying,pro max facing problem touch unresponsiveness annoying,97,94,18
209,"I am writing this review after 3 month of use I love it‚Äôs size, smoothness and can say Best phone ever made by apple till now, whole day battery life in an I phone is amazing",1.0,i am writing this review after month of use i love its size smoothness and can say best phone ever made by apple till now whole day battery life in an i phone is amazing,writing review month use love size smoothness say best phone ever made apple till whole day battery life phone amazing,writing review month use love size smoothness say best phone ever made apple till whole day battery life phone amazing,174,169,35
210,iPhone as always is Stunning and Excellent gadget to have.I love the size and Battery Life is alsoüëå.,1.0,iphone as always is stunning and excellent gadget to havei love the size and battery life is also,iphone always stunning excellent gadget havei love size battery life also,iphone always stunning excellent gadget havei love size battery life also,100,97,18
211,"I upgraded from ip xr to ip 16 honestly I only noticed the performance,display and camera it wasn‚Äôt like ‚Äúwow this is amazing ‚Äú but yeah it was worth and upgrade and i have noticed it heats up a bit more than my old phone and overall it‚Äôs quite good. I would say go for it if you want a long lasting phone",1.0,i upgraded from ip xr to ip honestly i only noticed the performancedisplay and camera it wasnt like wow this is amazing but yeah it was worth and upgrade and i have noticed it heats up a bit more than my old phone and overall its quite good i would say go for it if you want a long lasting phone,upgraded ip xr ip honestly noticed performancedisplay camera wasnt like wow amazing yeah worth upgrade noticed heats bit old phone overall quite good would say go want long lasting phone,upgraded ip xr ip honestly noticed performancedisplay camera wasnt like wow amazing yeah worth upgrade noticed heat bit old phone overall quite good would say go want long lasting phone,305,295,61
212,excellent phone. looks beautiful too.,1.0,excellent phone looks beautiful too,excellent phone looks beautiful,excellent phone look beautiful,37,35,5
213,"Good, user friendly , battery is good,",1.0,good user friendly battery is good,good user friendly battery good,good user friendly battery good,38,34,6
214,Sound quality is great btw.,1.0,sound quality is great btw,sound quality great btw,sound quality great btw,27,26,5
215,initially ios 18 was having hiccups but ios 18.5 has got some smoothness in performance back.,1.0,initially ios was having hiccups but ios has got some smoothness in performance back,initially ios hiccups ios got smoothness performance back,initially io hiccup io got smoothness performance back,93,84,14
216,"The battery is better, It‚Äôs faster, camera has some additional features - but pretty much the same old same old beyond that",1.0,the battery is better its faster camera has some additional features but pretty much the same old same old beyond that,battery better faster camera additional features pretty much old old beyond,battery better faster camera additional feature pretty much old old beyond,123,118,21
217,Satisfied,1.0,satisfied,satisfied,satisfied,9,9,1
218,Super and cool photo,1.0,super and cool photo,super cool photo,super cool photo,20,20,4
219,Everything is fine except the battery should have been lasting longer and the new camera button Felt useless,1.0,everything is fine except the battery should have been lasting longer and the new camera button felt useless,everything fine except battery lasting longer new camera button felt useless,everything fine except battery lasting longer new camera button felt useless,108,108,18
220,Overall experience of the mobile phone is good but the phone was delivered with scratches which I think new phones should not have had any.,0.0,overall experience of the mobile phone is good but the phone was delivered with scratches which i think new phones should not have had any,overall experience mobile phone good phone delivered scratches think new phones,overall experience mobile phone good phone delivered scratch think new phone,139,138,25
221,I haven‚Äôt received iPhone manual inside the box,0.0,i havent received iphone manual inside the box,havent received iphone manual inside box,havent received iphone manual inside box,47,46,8
222,"Well,everything‚Äôs going great then sudden it falls from my car when i was sat on a car seat and its broke!!! Totally broke my screen it just been 2 months",0.0,welleverythings going great then sudden it falls from my car when i was sat on a car seat and its broke totally broke my screen it just been months,welleverythings going great sudden falls car sat car seat broke totally broke screen months,welleverythings going great sudden fall car sat car seat broke totally broke screen month,154,147,29
223,Battery is weak even in the initial stage of purchase. Very bad standard for iPhone products. Withstanding for one day is difficult,0.0,battery is weak even in the initial stage of purchase very bad standard for iphone products withstanding for one day is difficult,battery weak even initial stage purchase bad standard iphone products withstanding one day difficult,battery weak even initial stage purchase bad standard iphone product withstanding one day difficult,131,129,22
224,Just a gift for my wife. Still value for money. Working fine. But it cost for brand value.,0.0,just a gift for my wife still value for money working fine but it cost for brand value,gift wife still value money working fine cost brand value,gift wife still value money working fine cost brand value,90,86,18
225,Battery drains fast and heating issues.,0.0,battery drains fast and heating issues,battery drains fast heating issues,battery drain fast heating issue,39,38,6
226,"Software issue out of the box and Flipkart had better offers, try store offers they offer more. Got my another device from store which worked 5k cheaper than online.",0.0,software issue out of the box and flipkart had better offers try store offers they offer more got my another device from store which worked k cheaper than online,software issue box flipkart better offers try store offers offer got another device store worked k cheaper online,software issue box flipkart better offer try store offer offer got another device store worked k cheaper online,165,161,29
227,Very expensive and not worthy of money,0.0,very expensive and not worthy of money,expensive worthy money,expensive worthy money,38,38,7
228,Android better than this phone,0.0,android better than this phone,android better phone,android better phone,30,30,5
229,It is injustice to supply on a bare mobile phone without giveing a charger and screen protector,0.0,it is injustice to supply on a bare mobile phone without giveing a charger and screen protector,injustice supply bare mobile phone without giveing charger screen protector,injustice supply bare mobile phone without giveing charger screen protector,95,95,17
230,Poor battery in mobile,0.0,poor battery in mobile,poor battery mobile,poor battery mobile,22,22,4
231,Prolonged gaming causes heating issue.,0.5,prolonged gaming causes heating issue,prolonged gaming causes heating issue,prolonged gaming cause heating issue,38,37,5
232,The box which i received is damaged and I have not opened the box and requested for cancellation of this product,0.5,the box which i received is damaged and i have not opened the box and requested for cancellation of this product,box received damaged opened box requested cancellation product,box received damaged opened box requested cancellation product,112,112,21
233,"I was an android user, it's price is not worth at all. this is my genuine review. if u are android user don't go for iPhone. don't waste money. buy samsung s series phone instead of buying iphone.",0.5,i was an android user its price is not worth at all this is my genuine review if u are android user dont go for iphone dont waste money buy samsung s series phone instead of buying iphone,android user price worth genuine review u android user dont go iphone dont waste money buy samsung series phone instead buying iphone,android user price worth genuine review u android user dont go iphone dont waste money buy samsung series phone instead buying iphone,196,187,38
234,"The battery doesn't last more than 4 hours, there is heating problem from the day one. Also, it gives electric shock when on charge. the Camera quality also seems to be poor compared to Iphone used by my friends. I am not sure if this is duplicate phone.",0.5,the battery doesnt last more than hours there is heating problem from the day one also it gives electric shock when on charge the camera quality also seems to be poor compared to iphone used by my friends i am not sure if this is duplicate phone,battery doesnt last hours heating problem day one also gives electric shock charge camera quality also seems poor compared iphone used friends sure duplicate phone,battery doesnt last hour heating problem day one also give electric shock charge camera quality also seems poor compared iphone used friend sure duplicate phone,254,245,47
235,Disappointed ‚Äì Brand New iPhone 16‚Äôs Front Camera Stopped Working in a Week,0.5,disappointed brand new iphone s front camera stopped working in a week,disappointed brand new iphone front camera stopped working week,disappointed brand new iphone front camera stopped working week,75,70,12
236,It is a very poor and demage product please help me as a possible,0.5,it is a very poor and demage product please help me as a possible,poor demage product please help possible,poor demage product please help possible,65,65,14
237,"Product is good, but the delivery agent is too irresponsible one, not delivered to me in my door step, I collected the item from there hub 23km away from my side",0.5,product is good but the delivery agent is too irresponsible one not delivered to me in my door step i collected the item from there hub km away from my side,product good delivery agent irresponsible one delivered door step collected item hub km away side,product good delivery agent irresponsible one delivered door step collected item hub km away side,161,156,31
238,Third class phone heating and lagging a lot Didn't expect this,0.5,third class phone heating and lagging a lot didnt expect this,third class phone heating lagging lot didnt expect,third class phone heating lagging lot didnt expect,62,61,11
239,It is very small size. I want to replace/ return it. Please return it give the option to buy another big size iphone 16. Amazon CS not helping for this and denied to return/ replace.,0.5,it is very small size i want to replace return it please return it give the option to buy another big size iphone amazon cs not helping for this and denied to return replace,small size want replace return please return give option buy another big size iphone amazon cs helping denied return replace,small size want replace return please return give option buy another big size iphone amazon c helping denied return replace,182,173,34
240,Damage product received my pikup has been done but I have not received my refund,0.5,damage product received my pikup has been done but i have not received my refund,damage product received pikup done received refund,damage product received pikup done received refund,80,80,15
